!=Project-Id-Version\: iso_639-2\nReport-Msgid-Bugs-To\: https\://salsa.debian.org/iso-codes-team/iso-codes/issues\nPO-Revision-Date\: 2022-06-02 18\:16+0000\nLast-Translator\: Andika Triwidada <andika@gmail.com>\nLanguage-Team\: Indonesian <https\://hosted.weblate.org/projects/iso-codes/iso-639-2/id/>\nLanguage\: id\nMIME-Version\: 1.0\nContent-Type\: text/plain; charset\=UTF-8\nContent-Transfer-Encoding\: 8bit\nPlural-Forms\: nplurals\=1; plural\=0;\nX-Generator\: Weblate 4.13-dev\n

Abkhazian=Abkhazian

Achinese=Aceh

Acoli=Acoli

Adangme=Adangme

Adyghe;\ Adygei=Adyghe; Adygei

Afar=Afar

Afrihili=Afrihili

Afrikaans=Afrika

Afro-Asiatic\ languages=Bahasa Afro-Asiatik

Ainu=Ainu

Akan=Akan

Akkadian=Akkadia

Albanian=Albania

Aleut=Aleut

Algonquian\ languages=Bahasa Algonquian

Altaic\ languages=Bahasa-bahasa Altai

Amharic=Amharic

Angika=Angika

Apache\ languages=Bahasa Apache

Arabic=Arab

Aragonese=Aragonese

Arapaho=Arapaho

Arawak=Arawak

Armenian=Armenia

Aromanian;\ Arumanian;\ Macedo-Romanian=Aromanian; Arumanian; Macedo-Romanian

Artificial\ languages=Bahasa Buatan

Assamese=Assam

Asturian;\ Bable;\ Leonese;\ Asturleonese=Asturian; Bable; Leonese; Asturleonese

Athapascan\ languages=Bahasa Athapascan

Australian\ languages=Bahasa Australia

Austronesian\ languages=Bahasa-bahasa Austronesia

Avaric=Avaric

Avestan=Avestan

Awadhi=Awadhi

Aymara=Aymara

Azerbaijani=Azerbaijan

Balinese=Bali

Baltic\ languages=Bahasa Baltik

Baluchi=Baluchi

Bambara=Bambara

Bamileke\ languages=Bahasa Bamileke

Banda\ languages=Bahasa Banda

Bangla=Bangla

Bantu\ (Other)=Bantu (Lainnya)

Basa=Basa

Bashkir=Bashkir

Basque=Basque

Batak\ languages=Bahasa Batak

Beja;\ Bedawiyet=Beja; Bedawiyet

Belarusian=Belarusia

Bemba=Bemba

Bengali=Bengal

Berber\ languages=Bahasa Berber

Bhojpuri=Bhojpuri

Bihari\ languages=Bahasa Bihari

Bikol=Bikol

Bini;\ Edo=Bini; Edo

Bislama=Bislama

Blin;\ Bilin=Blin; Bilin

Blissymbols;\ Blissymbolics;\ Bliss=Blissymbols; Blissymbolics; Bliss

Bokm\u00e5l,\ Norwegian;\ Norwegian\ Bokm\u00e5l=Bokm\u00e5l, Norwegian; Norwegian Bokm\u00e5l

Bosnian=Bosnia

Braj=Braj

Breton=Breton

Buginese=Bugis

Bulgarian=Bulgaria

Buriat=Buriat

Burmese=Burma

Caddo=Caddo

Catalan;\ Valencian=Catalan; Valencian

Caucasian\ languages=Bahasa Kaukasia

Cebuano=Cebuano

Celtic\ languages=Bahasa Keltik

Central\ American\ Indian\ languages=Bahasa Indian Amerika Tengah

Central\ Khmer=Khmer Tengah

Chagatai=Chagatai

Chamic\ languages=Bahasa Cham

Chamorro=Chamorro

Chechen=Chechen

Cherokee=Cherokee

Cheyenne=Cheyenne

Chibcha=Chibcha

Chichewa;\ Chewa;\ Nyanja=Chichewa; Chewa; Nyanja

Chinese=Cina

Chinook\ jargon=Chinook jargon

Chipewyan;\ Dene\ Suline=Chipewyan; Dene Suline

Choctaw=Choctaw

Church\ Slavic;\ Old\ Slavonic;\ Church\ Slavonic;\ Old\ Bulgarian;\ Old\ Church\ Slavonic=Gereja Slavic; Slavonic Kuno; Gereja Slavonic; Bulgaria Kuno; Gereja Tua Slavonic

Chuukese=Chuukese

Chuvash=Chuvash

Classical\ Newari;\ Old\ Newari;\ Classical\ Nepal\ Bhasa=Newari Klasik; Newari Kuno; Nepal Bhasa Klasik

Classical\ Syriac=Syriac Klasik

Coptic=Koptik

Cornish=Cornish

Corsican=Korsika

Cree=Cree

Creek=Creek

Creoles\ and\ pidgins=Creoles dan pidgins

Creoles\ and\ pidgins,\ English\ based=Creoles dan pidgins, berbasis Inggris

Creoles\ and\ pidgins,\ French-based=Creoles dan pidgins, berbasis Prancis

Creoles\ and\ pidgins,\ Portuguese-based=Creoles dan pidgins, berbasis Portugis

Crimean\ Tatar;\ Crimean\ Turkish=Crimean Tatar; Crimean Turkish

Croatian=Kroasia

Cushitic\ languages=Bahasa Cushitic

Czech=Ceko

Dakota=Dakota

Danish=Denmark

Dargwa=Dargwa

Delaware=Delaware

Dinka=Dinka

Divehi;\ Dhivehi;\ Maldivian=Divehi; Dhivehi; Maldivian

Dogri=Dogri

Dogrib=Dogrib

Dravidian\ languages=Bahasa Dravidia

Duala=Duala

Dutch,\ Middle\ (ca.\ 1050-1350)=Belanda, Abad Pertengahan (M 1050-1350)

Dutch;\ Flemish=Belanda; Flemish

Dyula=Dyula

Dzongkha=Dzongkha

Eastern\ Frisian=Frisian Bagian Timur

Efik=Efik

Egyptian\ (Ancient)=Mesir (Kuno)

Ekajuk=Ekajuk

Elamite=Elamite

English=Inggris

English,\ Middle\ (1100-1500)=Inggris, Abad Pertengahan (1100-1500)

English,\ Old\ (ca.\ 450-1100)=Inggris, Kuno (kl. 450-1100)

Erzya=Erzya

Esperanto=Esperanto

Estonian=Estonia

Ewe=Ewe

Ewondo=Ewondo

Fang=Fang

Fanti=Fanti

Faroese=Faro

Fijian=Fiji

Filipino;\ Pilipino=Filipino; Pilipino

Finnish=Finlandia

Finno-Ugrian\ languages=Bahasa Finno-Ugrian

Fon=Fon

French=Prancis

French,\ Middle\ (ca.\ 1400-1600)=Perancis, Abad Pertengahan (kl. 1400-1600)

French,\ Old\ (842-ca.\ 1400)=Perancis, Kuno (842-kl. 1400)

Friulian=Friulian

Fulah=Fulah

Ga=Ga

Gaelic;\ Scottish\ Gaelic=Gaelic; Scottish Gaelic

Galibi\ Carib=Galibi Carib

Galician=Galisia

Ganda=Ganda

Gayo=Gayo

Gbaya=Gbaya

Geez=Geez

Georgian=Georgia

German=Jerman

German,\ Middle\ High\ (ca.\ 1050-1500)=Jerman, Abad Pertengahan (kl. 1050-1500)

German,\ Old\ High\ (ca.\ 750-1050)=Jerman, Kuno (kl. 750-1050)

Germanic\ languages=Bahasa Jermanik

Gilbertese=Gilbertese

Gondi=Gondi

Gorontalo=Gorontalo

Gothic=Gothik

Grebo=Grebo

Greek,\ Ancient\ (to\ 1453)=Yunani Kuno (sd 1453)

Greek,\ Modern\ (1453-)=Yunani, Modern (1453-)

Guarani=Guarani

Gujarati=Gujarati

Gwich'in=Gwich'in

Haida=Haida

Haitian;\ Haitian\ Creole=Haitian; Haitian Creole

Hausa=Hausa

Hawaiian=Hawaii

Hebrew=Ibrani

Herero=Herero

Hiligaynon=Hiligaynon

Himachali\ languages;\ Western\ Pahari\ languages=Bahasa Himachali; Bahasa Pahari Barat

Hindi=Hindi

Hiri\ Motu=Hiri Motu

Hittite=Hittite

Hmong;\ Mong=Hmong; Mong

Hungarian=Hungaria

Hupa=Hupa

Iban=Iban

Icelandic=Islandia

Ido=Ido

Igbo=Igbo

Ijo\ languages=Bahasa Ijo

Iloko=Iloko

Inari\ Sami=Inari Sami

Indic\ languages=Bahasa Indic

Indo-European\ languages=Bahasa-bahasa Indo-Eropa

Indonesian=Bahasa Indonesia

Ingush=Ingush

Interlingua\ (International\ Auxiliary\ Language\ Association)=Interlingua (Asosiasi Bahasa Auxilari Internasional)

Interlingue;\ Occidental=Interlingue; Occidental

Inuktitut=Inuktitut

Inupiaq=Inupiaq

Iranian\ languages=Bahasa-bahasa Iran

Irish=Irlandia

Irish,\ Middle\ (900-1200)=Irlandia Abad Pertengahan (900-1200)

Irish,\ Old\ (to\ 900)=Irish, Kuno (sampai 900)

Iroquoian\ languages=Bahasa-bahasa Iroquoian

Italian=Italia

Japanese=Jepang

Javanese=Jawa

Judeo-Arabic=Judeo-Arab

Judeo-Persian=Judeo-Persia

Kabardian=Kabardian

Kabyle=Kabyle

Kachin;\ Jingpho=Kachin; Jingpho

Kalaallisut;\ Greenlandic=Kalaallisut; Greenlandic

Kalmyk;\ Oirat=Kalmyk; Oirat

Kamba=Kamba

Kannada=Kannada

Kanuri=Kanuri

Kara-Kalpak=Kara-Kalpak

Karachay-Balkar=Karachay-Balkar

Karelian=Karelian

Karen\ languages=Bahasa-bahasa Karen

Kashmiri=Kashmir

Kashubian=Kashubian

Kawi=Kawi

Kazakh=Kazakh

Khasi=Khasi

Khoisan\ languages=Bahasa-bahasa Khoisa

Khotanese;\ Sakan=Khotanese; Sakan

Kikuyu;\ Gikuyu=Kikuyu; Gikuyu

Kimbundu=Kimbundu

Kinyarwanda=Kinyarwanda

Kirghiz;\ Kyrgyz=Kirghiz; Kyrgyz

Klingon;\ tlhIngan-Hol=Klingon; tlhIngan-Hol

Komi=Komi

Kongo=Kongo

Konkani=Konkani

Korean=Korea

Kosraean=Kosraean

Kpelle=Kpelle

Kru\ languages=Bahasa-bahasa Kru

Kuanyama;\ Kwanyama=Kuanyama; Kwanyama

Kumyk=Kumyk

Kurdish=Kurdish

Kurukh=Kurukh

Kutenai=Kutenai

Ladino=Ladino

Lahnda=Lahnda

Lamba=Lamba

Land\ Dayak\ languages=Bahasa Dayak Darat

Lao=Lao

Latin=Latin

Latvian=Latvia

Lezghian=Lezghian

Limburgan;\ Limburger;\ Limburgish=Limburgan; Limburger; Limburgish

Lingala=Lingala

Lithuanian=Lithuania

Lojban=Lojban

Low\ German;\ Low\ Saxon;\ German,\ Low;\ Saxon,\ Low=Low German; Low Saxon; German, Low; Saxon, Low

Lower\ Sorbian=Sorbia Bawah

Lozi=Lozi

Luba-Katanga=Luba-Katanga

Luba-Lulua=Luba-Lulua

Luiseno=Luiseno

Lule\ Sami=Lule Sami

Lunda=Lunda

Luo\ (Kenya\ and\ Tanzania)=Luo (Kenya dan Tanzania)

Lushai=Lushai

Luxembourgish;\ Letzeburgesch=Luxembourgish; Letzeburgesch

Macedonian=Masedonia

Madurese=Madura

Magahi=Magahi

Maithili=Maithili

Makasar=Makassar

Malagasy=Malagasi

Malay=Malay

Malayalam=Malayalam

Maltese=Malta

Manchu=Manchu

Mandar=Mandar

Mandingo=Mandingo

Manipuri=Manipuri

Manobo\ languages=Bahasa-bahasa Manobo

Manx=Manx

Maori=Maori

Mapudungun;\ Mapuche=Mapudungun; Mapuche

Marathi=Marathi

Mari=Mari

Marshallese=Marshallese

Marwari=Marwari

Masai=Masai

Mayan\ languages=Bahasa-bahasa Maya

Mende=Mende

Mi'kmaq;\ Micmac=Mi'kmaq; Micmac

Minangkabau=Minangkabau

Mirandese=Mirandese

Mohawk=Mohawk

Moksha=Moksha

Mon-Khmer\ languages=Bahasa-bahasa Mon-Khmer

Mongo=Mongo

Mongolian=Mongolia

Montenegrin=Montenegro

Mossi=Mossi

Multiple\ languages=Banyak bahasa

Munda\ languages=Bahasa-bahasa Munda

N'Ko=N'Ko

Nahuatl\ languages=Bahasa-bahasa Nahuatl

Nauru=Nauru

Navajo;\ Navaho=Navajo; Navaho

Ndebele,\ North;\ North\ Ndebele=Ndebele, Utara; Ndebele Utara

Ndebele,\ South;\ South\ Ndebele=Ndebele, Selatan; Ndebele Selatan

Ndonga=Ndonga

Neapolitan=Neapolitan

Nepal\ Bhasa;\ Newari=Nepal Bhasa; Newari

Nepali=Nepal

Nias=Nias

Niger-Kordofanian\ languages=Bahasa-bahasa Niger-Kordofania

Nilo-Saharan\ languages=Bahasa-bahasa Nilo-Sahara

Niuean=Niuean

No\ linguistic\ content;\ Not\ applicable=Tak ada isi linguistik; Tak dapat diterapkan

Nogai=Nogai

Norse,\ Old=Norse, Kuno

North\ American\ Indian\ languages=Bahasa-bahasa Indian Amerika Utara

Northern\ Frisian=Frisian Bagian Utara

Northern\ Sami=Northern Sami

Norwegian=Norwegia

Norwegian\ Nynorsk;\ Nynorsk,\ Norwegian=Norwegian Nynorsk; Nynorsk, Norwegia

Nubian\ languages=Bahasa-bahasa Nubia

Nyamwezi=Nyamwezi

Nyankole=Nyankole

Nyoro=Nyoro

Nzima=Nzima

Occitan\ (post\ 1500);\ Proven\u00e7al=Occitan (pasca 1500); Proven\u00e7al

Official\ Aramaic\ (700-300\ BCE);\ Imperial\ Aramaic\ (700-300\ BCE)=Aramaic Resmi (700-300 SM); Kekaisaran Aramaic (700-300 SM)

Ojibwa=Ojibwa

Oriya=Oriya

Oromo=Oromo

Osage=Osage

Ossetian;\ Ossetic=Ossetian; Ossetic

Otomian\ languages=Bahasa-bahasa Otomia

Pahlavi=Pahlavi

Palauan=Palauan

Pali=Pali

Pampanga;\ Kapampangan=Pampanga; Kapampangan

Pangasinan=Pangasinan

Panjabi;\ Punjabi=Panjabi; Punjabi

Papiamento=Papiamento

Papuan\ languages=Bahasa-bahasa Papua

Pedi;\ Sepedi;\ Northern\ Sotho=Pedi; Sepedi; Sotho Bagian Utara

Persian=Persia

Persian,\ Old\ (ca.\ 600-400\ B.C.)=Persia, Kuno (kl. 600-400 S.M.)

Philippine\ languages=Bahasa-bahasa Filipina

Phoenician=Phoenician

Pohnpeian=Pohnpeian

Polish=Polandia

Portuguese=Portugis

Prakrit\ languages=Bahasa-bahasa Prakrit

Proven\u00e7al,\ Old\ (to\ 1500)=Proven\u00e7al, Kuno (sampai 1500)

Pushto;\ Pashto=Pushto; Pashto

Quechua=Quechua

Rajasthani=Rajasthani

Rapanui=Rapanui

Rarotongan;\ Cook\ Islands\ Maori=Rarotongan; Kepulauan Cook Maori

Reserved\ for\ local\ use=Dilestarikan untuk penggunaan setempat

Romance\ languages=Bahasa-bahasa Romance

Romanian;\ Moldavian;\ Moldovan=Rumania; Moldavia; Moldovan

Romansh=Romansh

Romany=Romany

Rundi=Rundi

Russian=Rusia

Salishan\ languages=Bahasa-bahasa Salisha

Samaritan\ Aramaic=Samaritan Aramaic

Sami\ languages=Bahasa-bahasa Sami

Samoan=Samoa

Sandawe=Sandawe

Sango=Sango

Sanskrit=Sanskerta

Santali=Santali

Sardinian=Sardinia

Sasak=Sasak

Scots=Skotlandia

Selkup=Selkup

Semitic\ languages=Bahasa-bahasa Semit

Serbian=Serbia

Serer=Serer

Shan=Shan

Shona=Shona

Sichuan\ Yi;\ Nuosu=Sichuan Yi; Nuosu

Sicilian=Sisilia

Sidamo=Sidamo

Sign\ Languages=Bahasa Isyarat

Siksika=Siksika

Sindhi=Sindhi

Sinhala;\ Sinhalese=Sinhala; Sinhalese

Sino-Tibetan\ languages=Bahasa-bahasa Sino-Tibet

Siouan\ languages=Bahasa-bahasa Sioua

Skolt\ Sami=Skolt Sami

Slave\ (Athapascan)=Slave (Athapascan)

Slavic\ languages=Bahasa-bahasa Slavik

Slovak=Slovakia

Slovenian=Slovenia

Sogdian=Sogdian

Somali=Somali

Songhai\ languages=Bahasa-bahasa Songhai

Soninke=Soninke

Sorbian\ languages=Bahasa-bahasa Sorbia

Sotho,\ Southern=Sotho, Southern

South\ American\ Indian\ (Other)=Indian Amerika Selatan (Lainnya)

Southern\ Altai=Altai Bagian Selatan

Southern\ Sami=Sami Bagian Selatan

Spanish;\ Castilian=Spanish; Castilian

Sranan\ Tongo=Sranan Tongo

Standard\ Moroccan\ Tamazight=Moroccan Tamazight Standar

Sukuma=Sukuma

Sumerian=Sumeria

Sundanese=Sunda

Susu=Susu

Swahili=Swahili

Swati=Swati

Swedish=Swedia

Swiss\ German;\ Alemannic;\ Alsatian=Swiss German; Alemannic; Alsatian

Syriac=Syriac

Tagalog=Tagalog

Tahitian=Tahiti

Tai\ languages=Bahasa-bahasa Tai

Tajik=Tajik

Tamashek=Tamashek

Tamil=Tamil

Tatar=Tatar

Telugu=Telugu

Tereno=Tereno

Tetum=Tetum

Thai=Thai

Tibetan=Tibet

Tigre=Tigre

Tigrinya=Tigrinya

Timne=Timne

Tiv=Tiv

Tlingit=Tlingit

Tok\ Pisin=Tok Pisin

Tokelau=Tokelau

Tonga\ (Nyasa)=Tonga (Nyasa)

Tonga\ (Tonga\ Islands)=Tonga (Kepulauan Tonga)

Tsimshian=Tsimshian

Tsonga=Tsonga

Tswana=Tswana

Tumbuka=Tumbuka

Tupi\ languages=Bahasa-bahasa Tupi

Turkish=Turki

Turkish,\ Ottoman\ (1500-1928)=Turkish, Ottoman (1500-1928)

Turkmen=Turkmen

Tuvalu=Tuvalu

Tuvinian=Tuvinian

Twi=Twi

Udmurt=Udmurt

Ugaritic=Ugaritic

Uighur;\ Uyghur=Uighur; Uyghur

Ukrainian=Ukraina

Umbundu=Umbundu

Uncoded\ languages=Bahasa tak tersandi

Undetermined=Tak Ditentukan

Upper\ Sorbian=Sorbia Bagian Atas

Urdu=Urdu

Uzbek=Uzbek

Vai=Vai

Venda=Venda

Vietnamese=Vietnam

Volap\u00fck=Volap\u00fck

Votic=Votic

Wakashan\ languages=Bahasa-bahasa Wakasha

Walamo=Walamo

Walloon=Wallon

Waray=Waray

Washo=Washo

Welsh=Welsh

Western\ Frisian=Frisian Bagian Barat

Wolof=Wolof

Xhosa=Xhosa

Yakut=Yakut

Yao=Yao

Yapese=Yapese

Yiddish=Yiddish

Yoruba=Yoruba

Yupik\ languages=Bahasa-bahasa Yupik

Zande\ languages=Bahasa-bahasa Zande

Zapotec=Zapotec

Zaza;\ Dimili;\ Dimli;\ Kirdki;\ Kirmanjki;\ Zazaki=Zaza; Dimili; Dimli; Kirdki; Kirmanjki; Zazaki

Zenaga=Zenaga

Zhuang;\ Chuang=Zhuang; Chuang

Zulu=Zulu

Zuni=Zuni
